Name,Fibered,Crossing Number,Braid Notation,Montesinos Notation
3_1,Y,3,{1;1;1},K(1/3)
4_1,Y,4,{1;-2;1;-2},K(2/5)
5_1,Y,5,{1;1;1;1;1},K(1/5)
6_2,Y,6,{1;1;1;-2;1;-2},K(4/11)
6_3,Y,6,{1;1;-2;1;-2;-2},K(5/13)
7_1,Y,7,{1;1;1;1;1;1;1},K(1/7)
7_6,Y,7,{1;1;-2;1;3;-2;3},K(7/19)
7_7,Y,7,{-1;2;-1;2;-3;2;-3},K(8/21)
8_2,Y,8,{1;1;1;1;1;-2;1;-2},K(6/17)
8_5,Y,8,{1;1;1;-2;1;1;1;-2},K(1/3;1/3;1/2)
8_7,Y,8,{-1;-1;-1;-1;2;-1;2;2},K(9/23)
8_9,Y,8,{1;1;1;-2;1;-2;-2;-2},K(7/25)
8_10,Y,8,{-1;-1;-1;2;-1;-1;2;2},K(1/3;2/3;1/2)
8_12,Y,8,{1;-2;1;3;-2;-4;3;-4},K(12/29)
8_16,Y,8,{-1;-1;2;-1;-1;2;-1;2},Not Montesinos
8_17,Y,8,{1;1;-2;1;-2;1;-2;-2},Not Montesinos
8_18,Y,8,{1;-2;1;-2;1;-2;1;-2},Not Montesinos
8_19,Y,8,{1;1;1;2;1;1;1;2},K(1/3;1/3;-1/2)
8_20,Y,8,{1;1;1;-2;-1;-1;-1;-2},K(1/3;2/3;-1/2)
8_21,Y,8,{1;1;1;2;-1;-1;2;2},K(2/3;2/3;-1/2)
9_1,Y,9,{1;1;1;1;1;1;1;1;1},K(1/9)
9_11,Y,9,{-1;-1;-1;-1;2;-1;-3;2;-3},K(14/33)
9_17,Y,9,{-1;2;-1;2;2;2;-3;2;-3},K(14/39)
9_20,Y,9,{1;1;1;-2;1;3;-2;3;3},K(15/41)
9_22,Y,9,{-1;2;-1;2;-3;2;2;2;-3},K(3/5;1/3;1/2)
9_24,Y,9,{1;1;-2;1;3;-2;-2;-2;3},K(1/3;2/3;3/2)
9_26,Y,9,{-1;-1;-1;2;-1;2;-3;2;-3},K(18/47)
9_27,Y,9,{1;1;-2;1;-2;-2;3;-2;3},K(19/49)
9_28,Y,9,{1;1;-2;1;3;-2;-2;3;3},K(2/3;2/3;3/2)
9_29,Y,9,{1;-2;-2;3;-2;1;-2;3;-2},Not Montesinos
9_30,Y,9,{-1;-1;2;2;-1;2;-3;2;-3},K(3/5;2/3;1/2)
9_31,Y,9,{1;1;-2;1;-2;3;-2;3;3},K(21/55)
9_32,Y,9,{-1;-1;-3;2;-3;-1;2;-1;2},Not Montesinos
9_33,Y,9,{-1;-3;2;-3;-1;2;2;-1;2},Not Montesinos
9_34,Y,9,{-1;2;-1;2;-3;2;-1;2;-3},Not Montesinos
9_36,Y,9,{-1;-1;-1;2;-1;-1;-3;2;-3},K(2/5;1/3;1/2)
9_40,Y,9,{1;-2;1;3;-2;1;3;-2;3},Not Montesinos
9_42,Y,9,{-1;-1;-1;2;1;1;-3;2;-3},K(2/5;1/3;-1/2)
9_43,Y,9,{1;1;1;2;1;1;-3;2;-3},K(3/5;1/3;-1/2)
9_44,Y,9,{1;1;1;2;-1;-1;-3;2;-3},K(2/5;2/3;-1/2)
9_45,Y,9,{-1;-1;-2;1;-2;-1;-3;2;-3},K(3/5;2/3;-1/2)
9_47,Y,9,{-1;2;-1;2;3;2;-1;2;3},Not Montesinos
9_48,Y,9,{-1;-1;-2;1;-2;-1;3;-2;1;-2;3},K(2/3;2/3;-1/3)
10_2,Y,10,{1;1;1;1;1;1;1;-2;1;-2},K(8/23)
10_5,Y,10,{-1;-1;-1;-1;-1;-1;2;-1;2;2},K(13/33)
10_9,Y,10,{1;1;1;1;1;-2;1;-2;-2;-2},K(11/39)
10_17,Y,10,{1;1;1;1;-2;1;-2;-2;-2;-2},K(9/41)
10_29,Y,10,{1;1;1;-2;1;3;-2;-4;3;-4},K(26/63)
10_41,Y,10,{-1;2;-1;2;2;-3;2;4;-3;4},K(26/71)
10_42,Y,10,{1;1;-2;1;-2;3;-2;-4;3;-4},K(31/81)
10_43,Y,10,{1;1;-2;1;3;-2;-4;3;-4;-4},K(27/73)
10_44,Y,10,{1;1;-2;1;3;-2;3;-4;3;-4},K(30/79)
10_45,Y,10,{1;-2;1;-2;3;-2;3;-4;3;-4},K(34/89)
10_46,Y,10,{1;1;1;1;1;-2;1;1;1;-2},K(1/5;1/3;1/2)
10_47,Y,10,{-1;-1;-1;-1;-1;2;-1;-1;2;2},K(1/5;2/3;1/2)
10_48,Y,10,{-1;-1;-1;-1;2;2;-1;2;2;2},K(4/5;1/3;1/2)
10_59,Y,10,{-1;2;-1;2;-3;2;2;4;-3;4},K(2/5;3/5;1/2)
10_60,Y,10,{-1;2;-1;2;2;-3;2;-3;-2;-4;3;-4},K(3/5;3/5;1/2)
10_62,Y,10,{-1;-1;-1;-1;2;-1;-1;-1;2;2},K(1/4;1/3;2/3)
10_64,Y,10,{1;1;1;-2;1;1;1;-2;-2;-2},K(3/4;1/3;1/3)
10_69,Y,10,{-1;-1;-2;1;3;-2;-1;-4;3;-2;3;-4},K(3/5;2/3;2/3)
10_70,Y,10,{1;-2;1;3;-2;-2;-2;-4;3;-4},K(2/5;1/3;3/2)
10_71,Y,10,{-1;-1;2;-1;-3;2;2;4;-3;4},K(2/5;2/3;3/2)
10_73,Y,10,{-1;-1;-2;1;-2;-1;3;-2;3;-4;3;-4},K(3/5;2/3;3/2)
10_75,Y,10,{-1;2;-1;2;-3;2;2;-4;3;-2;-4;-3},K(2/3;2/3;5/3)
10_78,Y,10,{1;1;2;-1;2;1;-3;2;4;-3;4;4},K(2/3;2/3;5/2)
10_79,Y,10,{1;1;1;-2;-2;1;1;-2;-2;-2},Not Montesinos
10_81,Y,10,{1;1;-2;1;3;2;2;-4;-3;-3;-3;-4},Not Montesinos
10_82,Y,10,{1;1;1;1;-2;1;-2;1;-2;-2},Not Montesinos
10_85,Y,10,{-1;-1;-1;-1;2;-1;-1;2;-1;2},Not Montesinos
10_88,Y,10,{1;-2;1;3;-2;3;-2;-4;3;-4},Not Montesinos
10_89,Y,10,{-1;2;-1;2;3;-2;-1;-4;-3;2;-3;-4},Not Montesinos
10_91,Y,10,{-1;-1;-1;2;-1;2;2;-1;2;2},Not Montesinos
10_94,Y,10,{1;1;1;-2;1;-2;-2;1;1;-2},Not Montesinos
10_96,Y,10,{1;-2;-1;3;-2;-1;3;-4;3;-2;3;-4},Not Montesinos
10_99,Y,10,{1;1;-2;1;1;-2;-2;1;-2;-2},Not Montesinos
10_100,Y,10,{-1;-1;-1;2;-1;-1;2;-1;-1;2},Not Montesinos
10_104,Y,10,{-1;-1;-1;2;2;-1;2;-1;2;2},Not Montesinos
10_105,Y,10,{1;1;-2;1;3;2;2;-4;-3;2;-3;-4},Not Montesinos
10_106,Y,10,{1;1;1;-2;1;-2;1;1;-2;-2},Not Montesinos
10_107,Y,10,{1;1;4;-3;2;-3;4;-2;-2;-3;1;-2},Not Montesinos
10_109,Y,10,{1;1;-2;1;-2;-2;1;1;-2;-2},Not Montesinos
10_110,Y,10,{1;-4;-3;2;-3;-4;2;2;2;3;1;-2},Not Montesinos
10_112,Y,10,{-1;-1;-1;2;-1;2;-1;2;-1;2},Not Montesinos
10_115,Y,10,{1;-2;1;3;2;2;-4;-3;2;-3;-3;-4},Not Montesinos
10_116,Y,10,{-1;-1;2;-1;-1;2;-1;2;-1;2},Not Montesinos
10_118,Y,10,{1;1;-2;1;-2;-2;1;-2;1;-2},Not Montesinos
10_123,Y,10,{1;-2;1;-2;1;-2;1;-2;1;-2},Not Montesinos
10_124,Y,10,{1;1;1;1;1;2;1;1;1;2},K(1/5;1/3;-1/2)
10_125,Y,10,{-1;-1;-1;-1;-1;2;1;1;1;2},K(1/5;2/3;-1/2)
10_126,Y,10,{-1;-1;-1;-1;-1;-2;1;1;1;-2},K(4/5;1/3;-1/2)
10_127,Y,10,{1;1;1;1;1;2;-1;-1;2;2},K(4/5;2/3;-1/2)
10_132,Y,10,{1;1;1;-2;-1;-1;-2;-3;2;-3;-3},K(2/7;1/3;-1/2)
10_133,Y,10,{1;1;1;2;-1;-1;2;3;-2;3;3},K(2/7;2/3;-1/2)
10_136,Y,10,{-1;-1;-2;3;-2;1;-2;-2;3;2;2},K(2/5;2/5;-1/2)
10_137,Y,10,{1;-2;1;-2;3;2;2;-4;3;-4},K(2/5;3/5;-1/2)
10_138,Y,10,{-1;2;-1;2;3;2;2;-4;3;-4},K(3/5;3/5;-1/2)
10_139,Y,10,{1;1;1;1;2;1;1;1;2;2},K(1/4;1/3;-2/3)
10_140,Y,10,{-1;-1;-1;2;1;1;1;2;3;-2;3},K(1/4;1/3;-1/3)
10_141,Y,10,{-1;-1;-1;-1;2;1;1;1;2;2},K(1/4;2/3;-1/3)
10_143,Y,10,{-1;-1;-1;-1;-2;1;1;1;-2;-2},K(3/4;1/3;-1/3)
10_145,Y,10,{-1;-1;-2;1;-2;-1;-3;-2;1;-2;-3},K(2/5;1/3;-2/3)
10_148,Y,10,{-1;-1;-1;-1;-2;1;-2;1;1;-2},Not Montesinos
10_149,Y,10,{1;1;1;1;2;-1;2;-1;2;2},Not Montesinos
10_150,Y,10,{1;1;1;-2;1;1;3;-2;-1;3;2},Not Montesinos
10_151,Y,10,{-1;-1;-1;-2;1;1;-3;2;-1;-3;2},Not Montesinos
10_152,Y,10,{1;1;1;2;2;1;1;2;2;2},Not Montesinos
10_153,Y,10,{-1;-1;-1;-2;-1;-1;3;2;2;2;3},Not Montesinos
10_154,Y,10,{1;1;2;-1;2;1;3;2;2;2;3},Not Montesinos
10_155,Y,10,{-1;-1;-1;-2;1;1;-2;1;1;-2},Not Montesinos
10_156,Y,10,{-1;-1;-1;2;1;1;-3;-2;1;-2;-3},Not Montesinos
10_157,Y,10,{-1;-1;-1;-2;-2;1;-2;1;-2;-2},Not Montesinos
10_158,Y,10,{-1;-1;-1;-2;1;1;3;2;-1;2;3},Not Montesinos
10_159,Y,10,{1;1;1;2;-1;2;-1;-1;2;2},Not Montesinos
10_160,Y,10,{1;1;1;2;1;1;-3;2;-1;2;-3},Not Montesinos
10_161,Y,10,{1;1;1;2;-1;2;1;1;2;2},Not Montesinos
10_163,Y,10,{1;1;-2;-1;-1;3;2;-1;2;2;3},Not Montesinos
